Clapeyron Database File,,,,,,,,
sPCSAFT Like Parameters,,,,,,,,
species,DIPPR Number,Mw,m,sigma,epsilon,n_H,n_e,source
water,,18.015,1.204659,3.0007,353.9449,1,1,10.1021/ie010954d
Na+,,22.989769,1.,2.8232,230.00,5,0,
Li+,,6.941,1.,1.8177,2697.28,4,0,
Cl-,,35.453,1.,2.7560,170.00,0,5,
Br-,,79.904,1.,3.0707,190.00,0,6,
Ca2+,,40.078,1.,2.8889,2146.9794,0,0,
acetonitrile,1772,41.05,2.3290,3.1898,311.31,0,1,10.1021/ie049893k