Clapeyron Estimator,,
[method = saturation_p_rhol],,
T,out_pre,out_rho
90.694,0.011696e6,28142.0
100.69,0.036936e6,27297.0
110.69,0.093451e6,26415.0
120.69,0.20101e6,25484.0
130.69,0.38286e6,24490.0
140.69,0.66451e6,23413.0
150.69,1.0730e6,22222.0
160.69,1.6369e6,20862.0
170.69,2.3872e6,19228.0
180.69,3.3610e6,17033.0
