Clapeyron Database File,,,,,,
Analytical SLV Like Parameters,,,,,,
species,a0,a1,a2,n,b0,b1,b2,m,cr,dr
argon,0.3544,52.5178,6.6546,0.404,0.324,-0.0225797,17.7577,10,0.34598,0.33717
methane,0.32027,147.615,7.30936,0.309,0.32608,-0.023289,5.61866,6,0.33739,0.3302
carbon dioxide,0.28578,82.0637,6.40361,0.424,0.31588,-0.049096,5.61866,6,0.34017,0.32309
