{
    "ANCILLARIES": {
        "pS": {
            "T_r": 405.4,
            "Tmax": 405.39999999999924,
            "Tmin": 195.495,
            "description": "p'' = pc*exp(Tc/T*sum(n_i*theta^t_i))",
            "max_abserror_percentage": 0.05181632089212851,
            "n": [
                0.0016131703802769548,
                0.01339903644956835,
                -6.4517151211338994,
                -4.349105787320862,
                1.8295554336003688,
                7.011533373126273
            ],
            "reducing_value": 11333000,
            "t": [
                0.108,
                0.435,
                0.971,
                4.023,
                4.944,
                17.494
            ],
            "type": "pV",
            "using_tau_r": true
        },
        "rhoL": {
            "T_r": 405.4,
            "Tmax": 405.39999999999924,
            "Tmin": 195.495,
            "description": "rho' = rhoc*(1+sum(n_i*theta^t_i))",
            "max_abserror_percentage": 0.8982235822398099,
            "n": [
                0.6217530323464998,
                116.65648581323893,
                -116.06575843470785,
                2.722640286484237,
                -2.6080795358675433,
                18.393705416728867
            ],
            "reducing_value": 13211.777154312385,
            "t": [
                0.217,
                0.713,
                0.724,
                1.557,
                3.994,
                9.339
            ],
            "type": "rhoLnoexp",
            "using_tau_r": false
        },
        "rhoV": {
            "T_r": 405.4,
            "Tmax": 405.39999999999924,
            "Tmin": 195.495,
            "description": "rho'' = rhoc*exp(Tc/T*sum(n_i*theta^t_i))",
            "max_abserror_percentage": 0.802513430755436,
            "n": [
                1.2911157089516188,
                -1.4201786958021996,
                -145.4871281248165,
                140.71212306607288,
                -3.147462914747211,
                -0.9907144617787934
            ],
            "reducing_value": 13211.777154312385,
            "t": [
                0.037,
                0.04,
                0.584,
                0.585,
                2.858,
                6.099
            ],
            "type": "rhoV",
            "using_tau_r": true
        },
        "surface_tension": {
            "BibTeX": "Mulero-JPCRD-2012",
            "Tc": 405.4,
            "a": [
                0.1028,
                -0.09453
            ],
            "description": "sigma = sum(a_i*(1-T/Tc)^n_i)",
            "n": [
                1.211,
                5.585
            ]
        }
    },
    "EOS": [
        {
            "BibTeX_CP0": "",
            "BibTeX_EOS": "TillnerRoth-DKV-1993",
            "STATES": {
                "hs_anchor": {
                    "T": 445.94,
                    "T_units": "K",
                    "hmolar": 25012.280343289814,
                    "hmolar_units": "J/mol",
                    "p": 1.8635643933141705e7,
                    "p_units": "Pa",
                    "rhomolar": 11890.599438881152,
                    "rhomolar_units": "mol/m^3",
                    "smolar": 75.46262589632495,
                    "smolar_units": "J/mol/K"
                },
                "reducing": {
                    "T": 405.4,
                    "T_units": "K",
                    "hmolar": 21501.16668203028,
                    "hmolar_units": "J/mol",
                    "p": 11333000,
                    "p_units": "Pa",
                    "rhomolar": 13211.77715431239,
                    "rhomolar_units": "mol/m^3",
                    "smolar": 68.56438502935785,
                    "smolar_units": "J/mol/K"
                },
                "sat_min_liquid": {
                    "T": 195.495,
                    "T_units": "K",
                    "hmolar": 0.14111811220522047,
                    "hmolar_units": "J/mol",
                    "p": 6091.2231081315085,
                    "p_units": "Pa",
                    "rhomolar": 43035.33929207322,
                    "rhomolar_units": "mol/m^3",
                    "smolar": -1.9440525067083775e-6,
                    "smolar_units": "J/mol/K"
                },
                "sat_min_vapor": {
                    "T": 195.495,
                    "T_units": "K",
                    "hmolar": 25279.492873914965,
                    "hmolar_units": "J/mol",
                    "p": 6091.223108650368,
                    "p_units": "Pa",
                    "rhomolar": 3.763506027681136,
                    "rhomolar_units": "mol/m^3",
                    "smolar": 129.30945229032756,
                    "smolar_units": "J/mol/K"
                }
            },
            "T_max": 700,
            "T_max_units": "K",
            "Ttriple": 195.495,
            "Ttriple_units": "K",
            "acentric": 0.25601,
            "acentric_units": "-",
            "alpha0": [
                {
                    "a1": -15.81502,
                    "a2": 4.255726,
                    "type": "IdealGasHelmholtzLead"
                },
                {
                    "a": -1,
                    "type": "IdealGasHelmholtzLogTau"
                },
                {
                    "n": [
                        11.47434,
                        -1.296211,
                        0.5706757
                    ],
                    "t": [
                        0.3333333333333333,
                        -1.5,
                        -1.75
                    ],
                    "type": "IdealGasHelmholtzPower"
                },
                {
                    "a1": -0.965940085369186,
                    "a2": 0.723282863334932,
                    "reference": "OTH",
                    "type": "IdealGasHelmholtzEnthalpyEntropyOffset"
                }
            ],
            "alphar": [
                {
                    "d": [
                        2,
                        1,
                        4,
                        1,
                        15,
                        3,
                        3,
                        1,
                        8,
                        2,
                        1,
                        8,
                        1,
                        2,
                        3,
                        2,
                        4,
                        3,
                        1,
                        2,
                        4
                    ],
                    "l": [
                        0,
                        0,
                        0,
                        0,
                        0,
                        1,
                        1,
                        1,
                        1,
                        1,
                        2,
                        2,
                        2,
                        2,
                        2,
                        2,
                        2,
                        3,
                        3,
                        3,
                        3
                    ],