Clapeyron Database File,,,,,,,,,,
structural SAFTgammaMie Like Parameters,,,,,,,,,,
species,vst,S,lambda_r,lambda_a,sigma,epsilon,n_H,n_e1,n_e2,source
CH3,1,0.45361,20.893,6,4.4684,327.39,0,0,0,10.1063/5.0048315
CH2,1,0.31668,13.262,6,4.2815,329.15,0,0,0,10.1063/5.0048315
CH,1,0.11162,8.000,6,5.1597,104.03,0,0,0,10.1063/5.0048315
C,1,0.04770,8.571,6,3.5178,1199.83,0,0,0,10.1063/5.0048315
CH2OH,2,0.312,10.258,6,4.22,406.713,1,1,0,10.1021/acs.iecr.2c00198